ProductID,ProductName,Description,ProductGroup,ProductCategory,IsReturnable,MinOrderLevel,MaxOrderLevel,Qty,UOM,BarcodeID,SalesUnitTypeAssignment,SalesUnitTypeAssignmentDefault,ImgData,Active,,,,,,
P00123,Bread,,Classic Flavors,Back Backen - M,,300,200,100,L - M,211111111,"SUT2342,1x24 H-Unit",1x24 H-Unit,,FALSE,,,,,,
P00124,Bun5,,Premium Flavors,Lingus - M,,15,20,100,ml - M,1234,"SUT2342,1x24 H-Unit",1x24 H-Unit,,TRUE,,,,,,
,,,,,,,,,,,,,,,,,,,,
,,,,,,,,,,,,,,,,,,,,
,,,,,,,,,,,,,,,,,,,,
,,,,,,,,,,,,,,,,,,,,
,,,,,,,,,,,,,,,,,,,,
,,,,,,,,,,,,,,,,,,,,
,,,,,,,,,,,,,,,,,,,,
,,,,,,,,,,,,,,,,,,,,
,,,,,,,,,,,,,,,,,,,,
,,,,,,,,,,,,,,,,,,,,
,,,,,,,,,,,,,,,,,,,,
,,,,,,,,,,,,,,,,,,,,
,,,,,,,,,,,,,,,,,,,,
